Frauenvorname,URI
Anna,https://github.com/stazh/sw-ehedaten/data/archiving#FirstNameWoman_00001
Sara,https://github.com/stazh/sw-ehedaten/data/archiving#FirstNameWoman_00002
Kleophea,https://github.com/stazh/sw-ehedaten/data/archiving#FirstNameWoman_00003
Ursula,https://github.com/stazh/sw-ehedaten/data/archiving#FirstNameWoman_00004
Barbara,https://github.com/stazh/sw-ehedaten/data/archiving#FirstNameWoman_00005
Verena,https://github.com/stazh/sw-ehedaten/data/archiving#FirstNameWoman_00006
Dorothea,https://github.com/stazh/sw-ehedaten/data/archiving#FirstNameWoman_00007
Elisabeth,https://github.com/stazh/sw-ehedaten/data/archiving#FirstNameWoman_00008
Katharina,https://github.com/stazh/sw-ehedaten/data/archiving#FirstNameWoman_00009
Walburg,https://github.com/stazh/sw-ehedaten/data/archiving#FirstNameWoman_00010
Margaretha,https://github.com/stazh/sw-ehedaten/data/archiving#FirstNameWoman_00011
Jakobea,https://github.com/stazh/sw-ehedaten/data/archiving#FirstNameWoman_00012
Adelheid,https://github.com/stazh/sw-ehedaten/data/archiving#FirstNameWoman_00013
Küngolt,https://github.com/stazh/sw-ehedaten/data/archiving#FirstNameWoman_00014
Agatha,https://github.com/stazh/sw-ehedaten/data/archiving#FirstNameWoman_00015
Magdalena,https://github.com/stazh/sw-ehedaten/data/archiving#FirstNameWoman_00016
Eva,https://github.com/stazh/sw-ehedaten/data/archiving#FirstNameWoman_00017
Veronika,https://github.com/stazh/sw-ehedaten/data/archiving#FirstNameWoman_00018
Ottilia,https://github.com/stazh/sw-ehedaten/data/archiving#FirstNameWoman_00019
Johanna,https://github.com/stazh/sw-ehedaten/data/archiving#FirstNameWoman_00020
Cordula,https://github.com/stazh/sw-ehedaten/data/archiving#FirstNameWoman_00021
Sophia,https://github.com/stazh/sw-ehedaten/data/archiving#FirstNameWoman_00022
Regula,https://github.com/stazh/sw-ehedaten/data/archiving#FirstNameWoman_00023
Apollonia,https://github.com/stazh/sw-ehedaten/data/archiving#FirstNameWoman_00024
Engel,https://github.com/stazh/sw-ehedaten/data/archiving#FirstNameWoman_00025
Petronella,https://github.com/stazh/sw-ehedaten/data/archiving#FirstNameWoman_00026
Amalia,https://github.com/stazh/sw-ehedaten/data/archiving#FirstNameWoman_00027
Maria,https://github.com/stazh/sw-ehedaten/data/archiving#FirstNameWoman_00028
Judith,https://github.com/stazh/sw-ehedaten/data/archiving#FirstNameWoman_00029
Marina,https://github.com/stazh/sw-ehedaten/data/archiving#FirstNameWoman_00030
Agnes,https://github.com/stazh/sw-ehedaten/data/archiving#FirstNameWoman_00031
Aemilia,https://github.com/stazh/sw-ehedaten/data/archiving#FirstNameWoman_00032
Justina,https://github.com/stazh/sw-ehedaten/data/archiving#FirstNameWoman_00033
Maxentia,https://github.com/stazh/sw-ehedaten/data/archiving#FirstNameWoman_00034
Beatrix,https://github.com/stazh/sw-ehedaten/data/archiving#FirstNameWoman_00035
Afra,https://github.com/stazh/sw-ehedaten/data/archiving#FirstNameWoman_00036
Sibylla,https://github.com/stazh/sw-ehedaten/data/archiving#FirstNameWoman_00037
Wibrat,https://github.com/stazh/sw-ehedaten/data/archiving#FirstNameWoman_00038
Salome,https://github.com/stazh/sw-ehedaten/data/archiving#FirstNameWoman_00039
Susanna,https://github.com/stazh/sw-ehedaten/data/archiving#FirstNameWoman_00040
Christine,https://github.com/stazh/sw-ehedaten/data/archiving#FirstNameWoman_00041
Abigael,https://github.com/stazh/sw-ehedaten/data/archiving#FirstNameWoman_00042
Martha,https://github.com/stazh/sw-ehedaten/data/archiving#FirstNameWoman_00043
Fida,https://github.com/stazh/sw-ehedaten/data/archiving#FirstNameWoman_00044
Esther,https://github.com/stazh/sw-ehedaten/data/archiving#FirstNameWoman_00045
Fides,https://github.com/stazh/sw-ehedaten/data/archiving#FirstNameWoman_00046
Veritas,https://github.com/stazh/sw-ehedaten/data/archiving#FirstNameWoman_00047
Euphrosina,https://github.com/stazh/sw-ehedaten/data/archiving#FirstNameWoman_00048
Anna Maria,https://github.com/stazh/sw-ehedaten/data/archiving#FirstNameWoman_00049
Rahel,https://github.com/stazh/sw-ehedaten/data/archiving#FirstNameWoman_00050
Anna Barbara,https://github.com/stazh/sw-ehedaten/data/archiving#FirstNameWoman_00051
Lydia,https://github.com/stazh/sw-ehedaten/data/archiving#FirstNameWoman_00052
Anna Katharina,https://github.com/stazh/sw-ehedaten/data/archiving#FirstNameWoman_00053
Helena,https://github.com/stazh/sw-ehedaten/data/archiving#FirstNameWoman_00054
Maria Barbara,https://github.com/stazh/sw-ehedaten/data/archiving#FirstNameWoman_00055
Anna Magdalena,https://github.com/stazh/sw-ehedaten/data/archiving#FirstNameWoman_00056
Maria Elisabeth,https://github.com/stazh/sw-ehedaten/data/archiving#FirstNameWoman_00057
Emerentiana,https://github.com/stazh/sw-ehedaten/data/archiving#FirstNameWoman_00058
Anna Margaretha,https://github.com/stazh/sw-ehedaten/data/archiving#FirstNameWoman_00059
Maria Juliana,https://github.com/stazh/sw-ehedaten/data/archiving#FirstNameWoman_00060
Anna Dorothea,https://github.com/stazh/sw-ehedaten/data/archiving#FirstNameWoman_00061
Margaretha Claudina,https://github.com/stazh/sw-ehedaten/data/archiving#FirstNameWoman_00062
Benediktina,https://github.com/stazh/sw-ehedaten/data/archiving#FirstNameWoman_00063
Benedikta,https://github.com/stazh/sw-ehedaten/data/archiving#FirstNameWoman_00064
Kleinanna,https://github.com/stazh/sw-ehedaten/data/archiving#FirstNameWoman_00065
Richli,https://github.com/stazh/sw-ehedaten/data/archiving#FirstNameWoman_00066
Kleinbarbara,https://github.com/stazh/sw-ehedaten/data/archiving#FirstNameWoman_00067
Maria Magdalena,https://github.com/stazh/sw-ehedaten/data/archiving#FirstNameWoman_00068
N.,https://github.com/stazh/sw-ehedaten/data/archiving#FirstNameWoman_00069
Anna Kleophea,https://github.com/stazh/sw-ehedaten/data/archiving#FirstNameWoman_00070
Christina,https://github.com/stazh/sw-ehedaten/data/archiving#FirstNameWoman_00071
Kleinelisabeth,https://github.com/stazh/sw-ehedaten/data/archiving#FirstNameWoman_00072
Rosina,https://github.com/stazh/sw-ehedaten/data/archiving#FirstNameWoman_00073
Kleinverena,https://github.com/stazh/sw-ehedaten/data/archiving#FirstNameWoman_00074
Ita,https://github.com/stazh/sw-ehedaten/data/archiving#FirstNameWoman_00075
Regina,https://github.com/stazh/sw-ehedaten/data/archiving#FirstNameWoman_00076
Meret,https://github.com/stazh/sw-ehedaten/data/archiving#FirstNameWoman_00077
Elsi,https://github.com/stazh/sw-ehedaten/data/archiving#FirstNameWoman_00078
Angela,https://github.com/stazh/sw-ehedaten/data/archiving#FirstNameWoman_00079
Brigitta,https://github.com/stazh/sw-ehedaten/data/archiving#FirstNameWoman_00080
Gertrud,https://github.com/stazh/sw-ehedaten/data/archiving#FirstNameWoman_00081
Monika,https://github.com/stazh/sw-ehedaten/data/archiving#FirstNameWoman_00082
Genoveva,https://github.com/stazh/sw-ehedaten/data/archiving#FirstNameWoman_00083
Sabina,https://github.com/stazh/sw-ehedaten/data/archiving#FirstNameWoman_00084
Aqnna,https://github.com/stazh/sw-ehedaten/data/archiving#FirstNameWoman_00085
Notburg,https://github.com/stazh/sw-ehedaten/data/archiving#FirstNameWoman_00086
Egli,https://github.com/stazh/sw-ehedaten/data/archiving#FirstNameWoman_00087
Brida,https://github.com/stazh/sw-ehedaten/data/archiving#FirstNameWoman_00088
Agga,https://github.com/stazh/sw-ehedaten/data/archiving#FirstNameWoman_00089
Emerita,https://github.com/stazh/sw-ehedaten/data/archiving#FirstNameWoman_00090
Luzia,https://github.com/stazh/sw-ehedaten/data/archiving#FirstNameWoman_00091
Rebekka,https://github.com/stazh/sw-ehedaten/data/archiving#FirstNameWoman_00092
Menta,https://github.com/stazh/sw-ehedaten/data/archiving#FirstNameWoman_00093
Rosa,https://github.com/stazh/sw-ehedaten/data/archiving#FirstNameWoman_00094
Brigida,https://github.com/stazh/sw-ehedaten/data/archiving#FirstNameWoman_00095
Kleindorothea,https://github.com/stazh/sw-ehedaten/data/archiving#FirstNameWoman_00096
Famula,https://github.com/stazh/sw-ehedaten/data/archiving#FirstNameWoman_00097
Antalina,https://github.com/stazh/sw-ehedaten/data/archiving#FirstNameWoman_00098
Kleinregula,https://github.com/stazh/sw-ehedaten/data/archiving#FirstNameWoman_00099
Cäcilia,https://github.com/stazh/sw-ehedaten/data/archiving#FirstNameWoman_00100
Anna Esther,https://github.com/stazh/sw-ehedaten/data/archiving#FirstNameWoman_00101
Anna Sabina,https://github.com/stazh/sw-ehedaten/data/archiving#FirstNameWoman_00102
Klara,https://github.com/stazh/sw-ehedaten/data/archiving#FirstNameWoman_00103
Rosilla,https://github.com/stazh/sw-ehedaten/data/archiving#FirstNameWoman_00104
Anna Ursula,https://github.com/stazh/sw-ehedaten/data/archiving#FirstNameWoman_00105
Neopart,https://github.com/stazh/sw-ehedaten/data/archiving#FirstNameWoman_00106
Gutta,https://github.com/stazh/sw-ehedaten/data/archiving#FirstNameWoman_00107
Kleinursula,https://github.com/stazh/sw-ehedaten/data/archiving#FirstNameWoman_00108
Gora,https://github.com/stazh/sw-ehedaten/data/archiving#FirstNameWoman_00109
Franziska,https://github.com/stazh/sw-ehedaten/data/archiving#FirstNameWoman_00110
Anna Franziska,https://github.com/stazh/sw-ehedaten/data/archiving#FirstNameWoman_00111
Amelia,https://github.com/stazh/sw-ehedaten/data/archiving#FirstNameWoman_00112
Kunigunde,https://github.com/stazh/sw-ehedaten/data/archiving#FirstNameWoman_00113
Mechthild,https://github.com/stazh/sw-ehedaten/data/archiving#FirstNameWoman_00114
Gottlieb,https://github.com/stazh/sw-ehedaten/data/archiving#FirstNameWoman_00115
Antonia,https://github.com/stazh/sw-ehedaten/data/archiving#FirstNameWoman_00116
Antonina,https://github.com/stazh/sw-ehedaten/data/archiving#FirstNameWoman_00117
Femula,https://github.com/stazh/sw-ehedaten/data/archiving#FirstNameWoman_00118
Anna Konstantia,https://github.com/stazh/sw-ehedaten/data/archiving#FirstNameWoman_00119
Jona,https://github.com/stazh/sw-ehedaten/data/archiving#FirstNameWoman_00120
Mar.,https://github.com/stazh/sw-ehedaten/data/archiving#FirstNameWoman_00121
Dominique,https://github.com/stazh/sw-ehedaten/data/archiving#FirstNameWoman_00122
Marie,https://github.com/stazh/sw-ehedaten/data/archiving#FirstNameWoman_00123
Jeanne,https://github.com/stazh/sw-ehedaten/data/archiving#FirstNameWoman_00124
Kleinmargaretha,https://github.com/stazh/sw-ehedaten/data/archiving#FirstNameWoman_00125
Ruth,https://github.com/stazh/sw-ehedaten/data/archiving#FirstNameWoman_00126
Hedwig,https://github.com/stazh/sw-ehedaten/data/archiving#FirstNameWoman_00127
Tilio,https://github.com/stazh/sw-ehedaten/data/archiving#FirstNameWoman_00128
Walpurg,https://github.com/stazh/sw-ehedaten/data/archiving#FirstNameWoman_00129
Justina Barbara,https://github.com/stazh/sw-ehedaten/data/archiving#FirstNameWoman_00130
Cordelia,https://github.com/stazh/sw-ehedaten/data/archiving#FirstNameWoman_00131
Claudia,https://github.com/stazh/sw-ehedaten/data/archiving#FirstNameWoman_00132
Bersabea,https://github.com/stazh/sw-ehedaten/data/archiving#FirstNameWoman_00133
Jahel,https://github.com/stazh/sw-ehedaten/data/archiving#FirstNameWoman_00134
Dulgiona,https://github.com/stazh/sw-ehedaten/data/archiving#FirstNameWoman_00135
Chrischona,https://github.com/stazh/sw-ehedaten/data/archiving#FirstNameWoman_00136
Margaretha Barbara,https://github.com/stazh/sw-ehedaten/data/archiving#FirstNameWoman_00137
Justitia,https://github.com/stazh/sw-ehedaten/data/archiving#FirstNameWoman_00138
Burga,https://github.com/stazh/sw-ehedaten/data/archiving#FirstNameWoman_00139
Quiteria,https://github.com/stazh/sw-ehedaten/data/archiving#FirstNameWoman_00140
Fortunata,https://github.com/stazh/sw-ehedaten/data/archiving#FirstNameWoman_00141
Merata,https://github.com/stazh/sw-ehedaten/data/archiving#FirstNameWoman_00142
Benigna,https://github.com/stazh/sw-ehedaten/data/archiving#FirstNameWoman_00143
Scholastika,https://github.com/stazh/sw-ehedaten/data/archiving#FirstNameWoman_00144
Guta,https://github.com/stazh/sw-ehedaten/data/archiving#FirstNameWoman_00145
Luziana,https://github.com/stazh/sw-ehedaten/data/archiving#FirstNameWoman_00146
Anastasia,https://github.com/stazh/sw-ehedaten/data/archiving#FirstNameWoman_00147
Caritas,https://github.com/stazh/sw-ehedaten/data/archiving#FirstNameWoman_00148
Clement,https://github.com/stazh/sw-ehedaten/data/archiving#FirstNameWoman_00149
Evinteria,https://github.com/stazh/sw-ehedaten/data/archiving#FirstNameWoman_00150
Engeli,https://github.com/stazh/sw-ehedaten/data/archiving#FirstNameWoman_00151
Quinteria,https://github.com/stazh/sw-ehedaten/data/archiving#FirstNameWoman_00152
Lukrezia,https://github.com/stazh/sw-ehedaten/data/archiving#FirstNameWoman_00153
Isabella,https://github.com/stazh/sw-ehedaten/data/archiving#FirstNameWoman_00154
Juliana,https://github.com/stazh/sw-ehedaten/data/archiving#FirstNameWoman_00155
Susanna Ursula,https://github.com/stazh/sw-ehedaten/data/archiving#FirstNameWoman_00156
Verema,https://github.com/stazh/sw-ehedaten/data/archiving#FirstNameWoman_00157
Acefast,https://github.com/stazh/sw-ehedaten/data/archiving#FirstNameWoman_00158
Eliberia,https://github.com/stazh/sw-ehedaten/data/archiving#FirstNameWoman_00159
Christiana,https://github.com/stazh/sw-ehedaten/data/archiving#FirstNameWoman_00160
Sina,https://github.com/stazh/sw-ehedaten/data/archiving#FirstNameWoman_00161
Julia,https://github.com/stazh/sw-ehedaten/data/archiving#FirstNameWoman_00162
Lucia,https://github.com/stazh/sw-ehedaten/data/archiving#FirstNameWoman_00163
Maria Kassandra,https://github.com/stazh/sw-ehedaten/data/archiving#FirstNameWoman_00164
Violanda,https://github.com/stazh/sw-ehedaten/data/archiving#FirstNameWoman_00165
Diamant,https://github.com/stazh/sw-ehedaten/data/archiving#FirstNameWoman_00166
Eva Felicitas,https://github.com/stazh/sw-ehedaten/data/archiving#FirstNameWoman_00167
Anna Elisabeth,https://github.com/stazh/sw-ehedaten/data/archiving#FirstNameWoman_00168
Maria Kleophea,https://github.com/stazh/sw-ehedaten/data/archiving#FirstNameWoman_00169
Aurelia,https://github.com/stazh/sw-ehedaten/data/archiving#FirstNameWoman_00170
Emerentia,https://github.com/stazh/sw-ehedaten/data/archiving#FirstNameWoman_00171
Walbert,https://github.com/stazh/sw-ehedaten/data/archiving#FirstNameWoman_00172
Anna Maria Theresia,https://github.com/stazh/sw-ehedaten/data/archiving#FirstNameWoman_00173
Katharina Elisabeth,https://github.com/stazh/sw-ehedaten/data/archiving#FirstNameWoman_00174
Anna Regula,https://github.com/stazh/sw-ehedaten/data/archiving#FirstNameWoman_00175
Margaretha Felicitas,https://github.com/stazh/sw-ehedaten/data/archiving#FirstNameWoman_00176
Jeanne Marguerite,https://github.com/stazh/sw-ehedaten/data/archiving#FirstNameWoman_00177
Barbara Agnes,https://github.com/stazh/sw-ehedaten/data/archiving#FirstNameWoman_00178
Eva Rosina,https://github.com/stazh/sw-ehedaten/data/archiving#FirstNameWoman_00179
Maria Ursula,https://github.com/stazh/sw-ehedaten/data/archiving#FirstNameWoman_00180
Maria Agnes,https://github.com/stazh/sw-ehedaten/data/archiving#FirstNameWoman_00181
Anna Maria Agnes,https://github.com/stazh/sw-ehedaten/data/archiving#FirstNameWoman_00182
Susanna Barbara,https://github.com/stazh/sw-ehedaten/data/archiving#FirstNameWoman_00183
Maria Salome,https://github.com/stazh/sw-ehedaten/data/archiving#FirstNameWoman_00184
Anna Katharina Barbara,https://github.com/stazh/sw-ehedaten/data/archiving#FirstNameWoman_00185
Anna Theresia,https://github.com/stazh/sw-ehedaten/data/archiving#FirstNameWoman_00186
Susanna Margaretha,https://github.com/stazh/sw-ehedaten/data/archiving#FirstNameWoman_00187
Maria Katharina Fr.,https://github.com/stazh/sw-ehedaten/data/archiving#FirstNameWoman_00188
Dominica,https://github.com/stazh/sw-ehedaten/data/archiving#FirstNameWoman_00189
Arnolda Lukretia,https://github.com/stazh/sw-ehedaten/data/archiving#FirstNameWoman_00190
Barbara Elisabeth,https://github.com/stazh/sw-ehedaten/data/archiving#FirstNameWoman_00191
Johanna Margaretha,https://github.com/stazh/sw-ehedaten/data/archiving#FirstNameWoman_00192
Katharina Sophia,https://github.com/stazh/sw-ehedaten/data/archiving#FirstNameWoman_00193
Anna Maria Magdalena,https://github.com/stazh/sw-ehedaten/data/archiving#FirstNameWoman_00194
Margaretha Ottilia,https://github.com/stazh/sw-ehedaten/data/archiving#FirstNameWoman_00195
Friederike Sophia,https://github.com/stazh/sw-ehedaten/data/archiving#FirstNameWoman_00196
Eva Maria,https://github.com/stazh/sw-ehedaten/data/archiving#FirstNameWoman_00197
Mariana,https://github.com/stazh/sw-ehedaten/data/archiving#FirstNameWoman_00198
Salomena,https://github.com/stazh/sw-ehedaten/data/archiving#FirstNameWoman_00199
Barbara Verena,https://github.com/stazh/sw-ehedaten/data/archiving#FirstNameWoman_00200
Maria Margaretha,https://github.com/stazh/sw-ehedaten/data/archiving#FirstNameWoman_00201
Anna Regina,https://github.com/stazh/sw-ehedaten/data/archiving#FirstNameWoman_00202
Henriette,https://github.com/stazh/sw-ehedaten/data/archiving#FirstNameWoman_00203
Maria Anna,https://github.com/stazh/sw-ehedaten/data/archiving#FirstNameWoman_00204
Susanna Katharina,https://github.com/stazh/sw-ehedaten/data/archiving#FirstNameWoman_00205
Eleonora,https://github.com/stazh/sw-ehedaten/data/archiving#FirstNameWoman_00206
Johanna Helena,https://github.com/stazh/sw-ehedaten/data/archiving#FirstNameWoman_00207
Elisabeth Magdalena,https://github.com/stazh/sw-ehedaten/data/archiving#FirstNameWoman_00208
Margaretha Sophie,https://github.com/stazh/sw-ehedaten/data/archiving#FirstNameWoman_00209
Anna Maria Emerentiana,https://github.com/stazh/sw-ehedaten/data/archiving#FirstNameWoman_00210
Augustine,https://github.com/stazh/sw-ehedaten/data/archiving#FirstNameWoman_00211
Kleophea Barbara,https://github.com/stazh/sw-ehedaten/data/archiving#FirstNameWoman_00212
Ursula Maria,https://github.com/stazh/sw-ehedaten/data/archiving#FirstNameWoman_00213
Anna Christina,https://github.com/stazh/sw-ehedaten/data/archiving#FirstNameWoman_00214
Christina Barbara,https://github.com/stazh/sw-ehedaten/data/archiving#FirstNameWoman_00215
Barbara Katharina,https://github.com/stazh/sw-ehedaten/data/archiving#FirstNameWoman_00216
Maria Dorothea,https://github.com/stazh/sw-ehedaten/data/archiving#FirstNameWoman_00217
Christina Dorothea,https://github.com/stazh/sw-ehedaten/data/archiving#FirstNameWoman_00218
Anna Maria Barbara,https://github.com/stazh/sw-ehedaten/data/archiving#FirstNameWoman_00219
Johanna Elisabeth,https://github.com/stazh/sw-ehedaten/data/archiving#FirstNameWoman_00220
Augusta,https://github.com/stazh/sw-ehedaten/data/archiving#FirstNameWoman_00221
Marianne Gertrud,https://github.com/stazh/sw-ehedaten/data/archiving#FirstNameWoman_00222
Johanna Maria,https://github.com/stazh/sw-ehedaten/data/archiving#FirstNameWoman_00223
Susanna Sara,https://github.com/stazh/sw-ehedaten/data/archiving#FirstNameWoman_00224
Zedonia,https://github.com/stazh/sw-ehedaten/data/archiving#FirstNameWoman_00225
Louise Charlotte,https://github.com/stazh/sw-ehedaten/data/archiving#FirstNameWoman_00226
Angelika,https://github.com/stazh/sw-ehedaten/data/archiving#FirstNameWoman_00227
Maria Susanna,https://github.com/stazh/sw-ehedaten/data/archiving#FirstNameWoman_00228
Charlotte,https://github.com/stazh/sw-ehedaten/data/archiving#FirstNameWoman_00229
Elisabeth Charlotte,https://github.com/stazh/sw-ehedaten/data/archiving#FirstNameWoman_00230
Anna Maria Dorothea,https://github.com/stazh/sw-ehedaten/data/archiving#FirstNameWoman_00231
Proxbra,https://github.com/stazh/sw-ehedaten/data/archiving#FirstNameWoman_00232
Elisabeth Gerhardina,https://github.com/stazh/sw-ehedaten/data/archiving#FirstNameWoman_00233
Maria Sophia,https://github.com/stazh/sw-ehedaten/data/archiving#FirstNameWoman_00234
Louise,https://github.com/stazh/sw-ehedaten/data/archiving#FirstNameWoman_00235
Maria Katharina,https://github.com/stazh/sw-ehedaten/data/archiving#FirstNameWoman_00236
Maria Sara,https://github.com/stazh/sw-ehedaten/data/archiving#FirstNameWoman_00237
Anna Maria Elisabeth,https://github.com/stazh/sw-ehedaten/data/archiving#FirstNameWoman_00238
Katharina Barbara,https://github.com/stazh/sw-ehedaten/data/archiving#FirstNameWoman_00239
Ab…,https://github.com/stazh/sw-ehedaten/data/archiving#FirstNameWoman_00240
Jeanne Judith,https://github.com/stazh/sw-ehedaten/data/archiving#FirstNameWoman_00241
Marianna,https://github.com/stazh/sw-ehedaten/data/archiving#FirstNameWoman_00242
Johanna Juliana,https://github.com/stazh/sw-ehedaten/data/archiving#FirstNameWoman_00243
Maria Esther,https://github.com/stazh/sw-ehedaten/data/archiving#FirstNameWoman_00244
Pankratia,https://github.com/stazh/sw-ehedaten/data/archiving#FirstNameWoman_00245
Marianne,https://github.com/stazh/sw-ehedaten/data/archiving#FirstNameWoman_00246
Susette,https://github.com/stazh/sw-ehedaten/data/archiving#FirstNameWoman_00247
Agnes Dorothea,https://github.com/stazh/sw-ehedaten/data/archiving#FirstNameWoman_00248
Rosina Barbara,https://github.com/stazh/sw-ehedaten/data/archiving#FirstNameWoman_00249
Theresia,https://github.com/stazh/sw-ehedaten/data/archiving#FirstNameWoman_00250
Susanna Maria Magdalena,https://github.com/stazh/sw-ehedaten/data/archiving#FirstNameWoman_00251
Klara Susanna,https://github.com/stazh/sw-ehedaten/data/archiving#FirstNameWoman_00252
Wilhelmine Maria,https://github.com/stazh/sw-ehedaten/data/archiving#FirstNameWoman_00253
Susanna Magdalena,https://github.com/stazh/sw-ehedaten/data/archiving#FirstNameWoman_00254
Magdalena Margaretha,https://github.com/stazh/sw-ehedaten/data/archiving#FirstNameWoman_00255
Alice,https://github.com/stazh/sw-ehedaten/data/archiving#FirstNameWoman_00256
Johanna Barbara,https://github.com/stazh/sw-ehedaten/data/archiving#FirstNameWoman_00257
Barbara Franziska,https://github.com/stazh/sw-ehedaten/data/archiving#FirstNameWoman_00258
Bartha Benjamina,https://github.com/stazh/sw-ehedaten/data/archiving#FirstNameWoman_00259
Maria Katharina Juliana,https://github.com/stazh/sw-ehedaten/data/archiving#FirstNameWoman_00260
Ursula Elisabeth,https://github.com/stazh/sw-ehedaten/data/archiving#FirstNameWoman_00261
Jeanne Marie,https://github.com/stazh/sw-ehedaten/data/archiving#FirstNameWoman_00262
Anna Rahel,https://github.com/stazh/sw-ehedaten/data/archiving#FirstNameWoman_00263
Martha Elisa,https://github.com/stazh/sw-ehedaten/data/archiving#FirstNameWoman_00264
Juliane,https://github.com/stazh/sw-ehedaten/data/archiving#FirstNameWoman_00265
Antonia Elisabeth,https://github.com/stazh/sw-ehedaten/data/archiving#FirstNameWoman_00266
Marianne Esther,https://github.com/stazh/sw-ehedaten/data/archiving#FirstNameWoman_00267
Christiana Maria,https://github.com/stazh/sw-ehedaten/data/archiving#FirstNameWoman_00268
Jeannette,https://github.com/stazh/sw-ehedaten/data/archiving#FirstNameWoman_00269
Mariana Agnes,https://github.com/stazh/sw-ehedaten/data/archiving#FirstNameWoman_00270
Margaretha Elisabeth,https://github.com/stazh/sw-ehedaten/data/archiving#FirstNameWoman_00271
Antoinette,https://github.com/stazh/sw-ehedaten/data/archiving#FirstNameWoman_00272
Anna Rosina,https://github.com/stazh/sw-ehedaten/data/archiving#FirstNameWoman_00273
Johanna Ludovika,https://github.com/stazh/sw-ehedaten/data/archiving#FirstNameWoman_00274
Maria Katharina Elisabeth,https://github.com/stazh/sw-ehedaten/data/archiving#FirstNameWoman_00275
Barbara Margaretha,https://github.com/stazh/sw-ehedaten/data/archiving#FirstNameWoman_00276
Marianna Katharina,https://github.com/stazh/sw-ehedaten/data/archiving#FirstNameWoman_00277
Karolina,https://github.com/stazh/sw-ehedaten/data/archiving#FirstNameWoman_00278
Helena J.,https://github.com/stazh/sw-ehedaten/data/archiving#FirstNameWoman_00279
Marianne Elisabeth,https://github.com/stazh/sw-ehedaten/data/archiving#FirstNameWoman_00280
Elisabeth Josua,https://github.com/stazh/sw-ehedaten/data/archiving#FirstNameWoman_00281
Jeanne Andriane,https://github.com/stazh/sw-ehedaten/data/archiving#FirstNameWoman_00282
Karolina Dorothea Augusta,https://github.com/stazh/sw-ehedaten/data/archiving#FirstNameWoman_00283
Eva Magdalena,https://github.com/stazh/sw-ehedaten/data/archiving#FirstNameWoman_00284
Jeanne Frédérique Christine,https://github.com/stazh/sw-ehedaten/data/archiving#FirstNameWoman_00285
Marguerite,https://github.com/stazh/sw-ehedaten/data/archiving#FirstNameWoman_00286
Margaretha Judith,https://github.com/stazh/sw-ehedaten/data/archiving#FirstNameWoman_00287
Kunigunda,https://github.com/stazh/sw-ehedaten/data/archiving#FirstNameWoman_00288
Johanna Christiane,https://github.com/stazh/sw-ehedaten/data/archiving#FirstNameWoman_00289
Esther Elisabeth,https://github.com/stazh/sw-ehedaten/data/archiving#FirstNameWoman_00290
Emerentiana Regula,https://github.com/stazh/sw-ehedaten/data/archiving#FirstNameWoman_00291
Jeanne Françoise,https://github.com/stazh/sw-ehedaten/data/archiving#FirstNameWoman_00292
Maria Verena,https://github.com/stazh/sw-ehedaten/data/archiving#FirstNameWoman_00293
Susanna Ulrike,https://github.com/stazh/sw-ehedaten/data/archiving#FirstNameWoman_00294
Anna Maria Katharina,https://github.com/stazh/sw-ehedaten/data/archiving#FirstNameWoman_00295
Anna Gertrud,https://github.com/stazh/sw-ehedaten/data/archiving#FirstNameWoman_00296
Hortensia,https://github.com/stazh/sw-ehedaten/data/archiving#FirstNameWoman_00297
Maria Judith,https://github.com/stazh/sw-ehedaten/data/archiving#FirstNameWoman_00298
Maximiliane,https://github.com/stazh/sw-ehedaten/data/archiving#FirstNameWoman_00299
Anna Küngolt,https://github.com/stazh/sw-ehedaten/data/archiving#FirstNameWoman_00300
Elisabeth Dorothea,https://github.com/stazh/sw-ehedaten/data/archiving#FirstNameWoman_00301
Anna Ottilia,https://github.com/stazh/sw-ehedaten/data/archiving#FirstNameWoman_00302
Christina Esther,https://github.com/stazh/sw-ehedaten/data/archiving#FirstNameWoman_00303
Katharina Magdalena,https://github.com/stazh/sw-ehedaten/data/archiving#FirstNameWoman_00304
Anna Helena,https://github.com/stazh/sw-ehedaten/data/archiving#FirstNameWoman_00305
Barbara Judith,https://github.com/stazh/sw-ehedaten/data/archiving#FirstNameWoman_00306
Susanna Judith,https://github.com/stazh/sw-ehedaten/data/archiving#FirstNameWoman_00307
Regula Elisabeth,https://github.com/stazh/sw-ehedaten/data/archiving#FirstNameWoman_00308
Felicitas,https://github.com/stazh/sw-ehedaten/data/archiving#FirstNameWoman_00309
Barbara Rosina,https://github.com/stazh/sw-ehedaten/data/archiving#FirstNameWoman_00310
Sophia Barbara,https://github.com/stazh/sw-ehedaten/data/archiving#FirstNameWoman_00311
Ursula Hortensia,https://github.com/stazh/sw-ehedaten/data/archiving#FirstNameWoman_00312
Wolferdina Henriette Cornelia,https://github.com/stazh/sw-ehedaten/data/archiving#FirstNameWoman_00313
Anna Africana,https://github.com/stazh/sw-ehedaten/data/archiving#FirstNameWoman_00314
Maria Margaretha Juliana,https://github.com/stazh/sw-ehedaten/data/archiving#FirstNameWoman_00315
Johanna Dorothea,https://github.com/stazh/sw-ehedaten/data/archiving#FirstNameWoman_00316
Rosina Elisabeth,https://github.com/stazh/sw-ehedaten/data/archiving#FirstNameWoman_00317
Maria Kunigunde,https://github.com/stazh/sw-ehedaten/data/archiving#FirstNameWoman_00318
Susanna Regula,https://github.com/stazh/sw-ehedaten/data/archiving#FirstNameWoman_00319
Anna Maria Esther,https://github.com/stazh/sw-ehedaten/data/archiving#FirstNameWoman_00320
Dorothea Elisabeth,https://github.com/stazh/sw-ehedaten/data/archiving#FirstNameWoman_00321
Anna Barbara Margaretha,https://github.com/stazh/sw-ehedaten/data/archiving#FirstNameWoman_00322
Maria Maximiliana,https://github.com/stazh/sw-ehedaten/data/archiving#FirstNameWoman_00323
Barbara Kleophea,https://github.com/stazh/sw-ehedaten/data/archiving#FirstNameWoman_00324
Susanna Elisabeth,https://github.com/stazh/sw-ehedaten/data/archiving#FirstNameWoman_00325
Sophia Elisabeth,https://github.com/stazh/sw-ehedaten/data/archiving#FirstNameWoman_00326
Hippolita,https://github.com/stazh/sw-ehedaten/data/archiving#FirstNameWoman_00327
Sara Margaretha,https://github.com/stazh/sw-ehedaten/data/archiving#FirstNameWoman_00328
Regina Katharina,https://github.com/stazh/sw-ehedaten/data/archiving#FirstNameWoman_00329
Regina Barbara,https://github.com/stazh/sw-ehedaten/data/archiving#FirstNameWoman_00330
Leonora Helena,https://github.com/stazh/sw-ehedaten/data/archiving#FirstNameWoman_00331
Judith Elisabeth,https://github.com/stazh/sw-ehedaten/data/archiving#FirstNameWoman_00332
Elisabeth Margaretha,https://github.com/stazh/sw-ehedaten/data/archiving#FirstNameWoman_00333
Elisabeth Johanna,https://github.com/stazh/sw-ehedaten/data/archiving#FirstNameWoman_00334
Dominika,https://github.com/stazh/sw-ehedaten/data/archiving#FirstNameWoman_00335
Ursula Katharina,https://github.com/stazh/sw-ehedaten/data/archiving#FirstNameWoman_00336
Dorothea Wilhelmina,https://github.com/stazh/sw-ehedaten/data/archiving#FirstNameWoman_00337
Franziska Karolina,https://github.com/stazh/sw-ehedaten/data/archiving#FirstNameWoman_00338
Johanna Louise,https://github.com/stazh/sw-ehedaten/data/archiving#FirstNameWoman_00339
Bernhardina,https://github.com/stazh/sw-ehedaten/data/archiving#FirstNameWoman_00340
Barbara Dorothea,https://github.com/stazh/sw-ehedaten/data/archiving#FirstNameWoman_00341
Maria Johanna Susanna,https://github.com/stazh/sw-ehedaten/data/archiving#FirstNameWoman_00342
Maria Eva,https://github.com/stazh/sw-ehedaten/data/archiving#FirstNameWoman_00343
Anna Sophie,https://github.com/stazh/sw-ehedaten/data/archiving#FirstNameWoman_00344
Magdalena Judith,https://github.com/stazh/sw-ehedaten/data/archiving#FirstNameWoman_00345
Christina Margaretha,https://github.com/stazh/sw-ehedaten/data/archiving#FirstNameWoman_00346
Catton,https://github.com/stazh/sw-ehedaten/data/archiving#FirstNameWoman_00347
Anna Judith,https://github.com/stazh/sw-ehedaten/data/archiving#FirstNameWoman_00348
Elisabeth Juliana,https://github.com/stazh/sw-ehedaten/data/archiving#FirstNameWoman_00349
Anna Katharina Margaretha,https://github.com/stazh/sw-ehedaten/data/archiving#FirstNameWoman_00350
Maria Philippina,https://github.com/stazh/sw-ehedaten/data/archiving#FirstNameWoman_00351
Anna Eva,https://github.com/stazh/sw-ehedaten/data/archiving#FirstNameWoman_00352
Maria Christina,https://github.com/stazh/sw-ehedaten/data/archiving#FirstNameWoman_00353
Rose Marie,https://github.com/stazh/sw-ehedaten/data/archiving#FirstNameWoman_00354
Gabriele,https://github.com/stazh/sw-ehedaten/data/archiving#FirstNameWoman_00355
Sabina Anna Christiana,https://github.com/stazh/sw-ehedaten/data/archiving#FirstNameWoman_00356
Margaretha Ursula,https://github.com/stazh/sw-ehedaten/data/archiving#FirstNameWoman_00357
Chrischion,https://github.com/stazh/sw-ehedaten/data/archiving#FirstNameWoman_00358
Anna Agnes,https://github.com/stazh/sw-ehedaten/data/archiving#FirstNameWoman_00359
Jana,https://github.com/stazh/sw-ehedaten/data/archiving#FirstNameWoman_00360
Priska,https://github.com/stazh/sw-ehedaten/data/archiving#FirstNameWoman_00361
Anna Verena,https://github.com/stazh/sw-ehedaten/data/archiving#FirstNameWoman_00362
Hedli,https://github.com/stazh/sw-ehedaten/data/archiving#FirstNameWoman_00363
Katharina Christina,https://github.com/stazh/sw-ehedaten/data/archiving#FirstNameWoman_00364
Cornelia,https://github.com/stazh/sw-ehedaten/data/archiving#FirstNameWoman_00365
Priscilla,https://github.com/stazh/sw-ehedaten/data/archiving#FirstNameWoman_00366
Eva Ursula,https://github.com/stazh/sw-ehedaten/data/archiving#FirstNameWoman_00367
Verona,https://github.com/stazh/sw-ehedaten/data/archiving#FirstNameWoman_00368
Evimeria,https://github.com/stazh/sw-ehedaten/data/archiving#FirstNameWoman_00369
Flaminia,https://github.com/stazh/sw-ehedaten/data/archiving#FirstNameWoman_00370
Daria,https://github.com/stazh/sw-ehedaten/data/archiving#FirstNameWoman_00371
Polyxena,https://github.com/stazh/sw-ehedaten/data/archiving#FirstNameWoman_00372
Ili,https://github.com/stazh/sw-ehedaten/data/archiving#FirstNameWoman_00373
Demanda,https://github.com/stazh/sw-ehedaten/data/archiving#FirstNameWoman_00374
Laudemia,https://github.com/stazh/sw-ehedaten/data/archiving#FirstNameWoman_00375
Anna Narcissa,https://github.com/stazh/sw-ehedaten/data/archiving#FirstNameWoman_00376
Sabina Barbara,https://github.com/stazh/sw-ehedaten/data/archiving#FirstNameWoman_00377
Margaretha Anna,https://github.com/stazh/sw-ehedaten/data/archiving#FirstNameWoman_00378
Magdalena Susanna,https://github.com/stazh/sw-ehedaten/data/archiving#FirstNameWoman_00379
Maria Agatha,https://github.com/stazh/sw-ehedaten/data/archiving#FirstNameWoman_00380
Marguerite Antoinette,https://github.com/stazh/sw-ehedaten/data/archiving#FirstNameWoman_00381
Esther Esabeau,https://github.com/stazh/sw-ehedaten/data/archiving#FirstNameWoman_00382
Maria Elisabeth Ulrike,https://github.com/stazh/sw-ehedaten/data/archiving#FirstNameWoman_00383
Barbara Wibrat,https://github.com/stazh/sw-ehedaten/data/archiving#FirstNameWoman_00384
Amelia Philippina,https://github.com/stazh/sw-ehedaten/data/archiving#FirstNameWoman_00385
Henrika,https://github.com/stazh/sw-ehedaten/data/archiving#FirstNameWoman_00386
Anna Felicitas,https://github.com/stazh/sw-ehedaten/data/archiving#FirstNameWoman_00387
Kleophea Esther,https://github.com/stazh/sw-ehedaten/data/archiving#FirstNameWoman_00388
Angela Apollonia,https://github.com/stazh/sw-ehedaten/data/archiving#FirstNameWoman_00389
Waldburg,https://github.com/stazh/sw-ehedaten/data/archiving#FirstNameWoman_00390
Ursina,https://github.com/stazh/sw-ehedaten/data/archiving#FirstNameWoman_00391
Zia,https://github.com/stazh/sw-ehedaten/data/archiving#FirstNameWoman_00392
Johanna Felicitas,https://github.com/stazh/sw-ehedaten/data/archiving#FirstNameWoman_00393
Agnesia Susanna,https://github.com/stazh/sw-ehedaten/data/archiving#FirstNameWoman_00394
Katharina Wilhelmine,https://github.com/stazh/sw-ehedaten/data/archiving#FirstNameWoman_00395
Anna Sara,https://github.com/stazh/sw-ehedaten/data/archiving#FirstNameWoman_00396
Maria Johanna,https://github.com/stazh/sw-ehedaten/data/archiving#FirstNameWoman_00397
Friederike Cornelia,https://github.com/stazh/sw-ehedaten/data/archiving#FirstNameWoman_00398
Johanna Magdalena,https://github.com/stazh/sw-ehedaten/data/archiving#FirstNameWoman_00399
Katharina Arnoldina,https://github.com/stazh/sw-ehedaten/data/archiving#FirstNameWoman_00400
Johanna Judith,https://github.com/stazh/sw-ehedaten/data/archiving#FirstNameWoman_00401
Susanna Kleophea,https://github.com/stazh/sw-ehedaten/data/archiving#FirstNameWoman_00402
Anna Susanna,https://github.com/stazh/sw-ehedaten/data/archiving#FirstNameWoman_00403
Anna Katharina Friederika,https://github.com/stazh/sw-ehedaten/data/archiving#FirstNameWoman_00404
Goverdina Dorothea Christiana,https://github.com/stazh/sw-ehedaten/data/archiving#FirstNameWoman_00405
Sara Antonia,https://github.com/stazh/sw-ehedaten/data/archiving#FirstNameWoman_00406
Katharina Margaretha,https://github.com/stazh/sw-ehedaten/data/archiving#FirstNameWoman_00407
Maria Rosina,https://github.com/stazh/sw-ehedaten/data/archiving#FirstNameWoman_00408
Auguste,https://github.com/stazh/sw-ehedaten/data/archiving#FirstNameWoman_00409
Veronika Kleophea,https://github.com/stazh/sw-ehedaten/data/archiving#FirstNameWoman_00410
Dorothea Barbara,https://github.com/stazh/sw-ehedaten/data/archiving#FirstNameWoman_00411
Marguerite Jeanne Danièle,https://github.com/stazh/sw-ehedaten/data/archiving#FirstNameWoman_00412
Friederike Louise,https://github.com/stazh/sw-ehedaten/data/archiving#FirstNameWoman_00413
Louise Friederike Karoline,https://github.com/stazh/sw-ehedaten/data/archiving#FirstNameWoman_00414
Gabriele Rose,https://github.com/stazh/sw-ehedaten/data/archiving#FirstNameWoman_00415
Maria Regina,https://github.com/stazh/sw-ehedaten/data/archiving#FirstNameWoman_00416
Anna Barbara Dorothea,https://github.com/stazh/sw-ehedaten/data/archiving#FirstNameWoman_00417
Margaretha Johanna,https://github.com/stazh/sw-ehedaten/data/archiving#FirstNameWoman_00418
Johanna Jakobea,https://github.com/stazh/sw-ehedaten/data/archiving#FirstNameWoman_00419
Clara Johanna,https://github.com/stazh/sw-ehedaten/data/archiving#FirstNameWoman_00420
Maria Sabina,https://github.com/stazh/sw-ehedaten/data/archiving#FirstNameWoman_00421
Sophia Susanna Regula,https://github.com/stazh/sw-ehedaten/data/archiving#FirstNameWoman_00422
Maria Magdalena Dorothea,https://github.com/stazh/sw-ehedaten/data/archiving#FirstNameWoman_00423
Viktoria,https://github.com/stazh/sw-ehedaten/data/archiving#FirstNameWoman_00424
Marie Catherine,https://github.com/stazh/sw-ehedaten/data/archiving#FirstNameWoman_00425
Susanna Salome,https://github.com/stazh/sw-ehedaten/data/archiving#FirstNameWoman_00426
Cilla,https://github.com/stazh/sw-ehedaten/data/archiving#FirstNameWoman_00427
Susanna Maria,https://github.com/stazh/sw-ehedaten/data/archiving#FirstNameWoman_00428
Miseracordia,https://github.com/stazh/sw-ehedaten/data/archiving#FirstNameWoman_00429
Dilla,https://github.com/stazh/sw-ehedaten/data/archiving#FirstNameWoman_00430
Hans,https://github.com/stazh/sw-ehedaten/data/archiving#FirstNameWoman_00431
Xenophe,https://github.com/stazh/sw-ehedaten/data/archiving#FirstNameWoman_00432
Stava,https://github.com/stazh/sw-ehedaten/data/archiving#FirstNameWoman_00433
Françoise,https://github.com/stazh/sw-ehedaten/data/archiving#FirstNameWoman_00434
Thomasina,https://github.com/stazh/sw-ehedaten/data/archiving#FirstNameWoman_00435
Grossanna,https://github.com/stazh/sw-ehedaten/data/archiving#FirstNameWoman_00436
Elsa,https://github.com/stazh/sw-ehedaten/data/archiving#FirstNameWoman_00437
Wybrad,https://github.com/stazh/sw-ehedaten/data/archiving#FirstNameWoman_00438
Jenophea,https://github.com/stazh/sw-ehedaten/data/archiving#FirstNameWoman_00439
Magdalena Elisabeth,https://github.com/stazh/sw-ehedaten/data/archiving#FirstNameWoman_00440
Rey,https://github.com/stazh/sw-ehedaten/data/archiving#FirstNameWoman_00441
Dichtli,https://github.com/stazh/sw-ehedaten/data/archiving#FirstNameWoman_00442
Claranna,https://github.com/stazh/sw-ehedaten/data/archiving#FirstNameWoman_00443
Vienne,https://github.com/stazh/sw-ehedaten/data/archiving#FirstNameWoman_00444
Brigiol,https://github.com/stazh/sw-ehedaten/data/archiving#FirstNameWoman_00445
Kolumbina,https://github.com/stazh/sw-ehedaten/data/archiving#FirstNameWoman_00446
Bollozina,https://github.com/stazh/sw-ehedaten/data/archiving#FirstNameWoman_00447
Regina Dorothea,https://github.com/stazh/sw-ehedaten/data/archiving#FirstNameWoman_00448
Dorotjea,https://github.com/stazh/sw-ehedaten/data/archiving#FirstNameWoman_00449
Helena Katharina,https://github.com/stazh/sw-ehedaten/data/archiving#FirstNameWoman_00450
Judith Katharina,https://github.com/stazh/sw-ehedaten/data/archiving#FirstNameWoman_00451
Cornelia Elisabeth,https://github.com/stazh/sw-ehedaten/data/archiving#FirstNameWoman_00452
Anna Maria Ursula,https://github.com/stazh/sw-ehedaten/data/archiving#FirstNameWoman_00453
Sophia Rosina,https://github.com/stazh/sw-ehedaten/data/archiving#FirstNameWoman_00454
Margaretha Dorothea,https://github.com/stazh/sw-ehedaten/data/archiving#FirstNameWoman_00455
Marie Anne,https://github.com/stazh/sw-ehedaten/data/archiving#FirstNameWoman_00456
Christiana Veronika,https://github.com/stazh/sw-ehedaten/data/archiving#FirstNameWoman_00457
Helena Regina,https://github.com/stazh/sw-ehedaten/data/archiving#FirstNameWoman_00458
Cornelia Friederika,https://github.com/stazh/sw-ehedaten/data/archiving#FirstNameWoman_00459
Fedina Isabella Susanna,https://github.com/stazh/sw-ehedaten/data/archiving#FirstNameWoman_00460
Martha Elisabeth,https://github.com/stazh/sw-ehedaten/data/archiving#FirstNameWoman_00461
Anna Beatrix,https://github.com/stazh/sw-ehedaten/data/archiving#FirstNameWoman_00462
Marie Isabeau,https://github.com/stazh/sw-ehedaten/data/archiving#FirstNameWoman_00463
Susanna Rosina,https://github.com/stazh/sw-ehedaten/data/archiving#FirstNameWoman_00464
Catherine,https://github.com/stazh/sw-ehedaten/data/archiving#FirstNameWoman_00465
Mengia,https://github.com/stazh/sw-ehedaten/data/archiving#FirstNameWoman_00466
Maria Johanna Katharina,https://github.com/stazh/sw-ehedaten/data/archiving#FirstNameWoman_00467
Maria Theresia,https://github.com/stazh/sw-ehedaten/data/archiving#FirstNameWoman_00468
Lera,https://github.com/stazh/sw-ehedaten/data/archiving#FirstNameWoman_00469
Susanna Veronika,https://github.com/stazh/sw-ehedaten/data/archiving#FirstNameWoman_00470
Maria Aloisia Irene,https://github.com/stazh/sw-ehedaten/data/archiving#FirstNameWoman_00471
Johanna Katharina,https://github.com/stazh/sw-ehedaten/data/archiving#FirstNameWoman_00472
Susanna Sabina,https://github.com/stazh/sw-ehedaten/data/archiving#FirstNameWoman_00473
Martha Henriette,https://github.com/stazh/sw-ehedaten/data/archiving#FirstNameWoman_00474
Victoire,https://github.com/stazh/sw-ehedaten/data/archiving#FirstNameWoman_00475
Susanne,https://github.com/stazh/sw-ehedaten/data/archiving#FirstNameWoman_00476
Helena Margaretha,https://github.com/stazh/sw-ehedaten/data/archiving#FirstNameWoman_00477
Augustina Christiana Eleonora,https://github.com/stazh/sw-ehedaten/data/archiving#FirstNameWoman_00478
Benedicte,https://github.com/stazh/sw-ehedaten/data/archiving#FirstNameWoman_00479
Ludovica Susanna,https://github.com/stazh/sw-ehedaten/data/archiving#FirstNameWoman_00480
Madeleine,https://github.com/stazh/sw-ehedaten/data/archiving#FirstNameWoman_00481
Sophia Franziska,https://github.com/stazh/sw-ehedaten/data/archiving#FirstNameWoman_00482
Elisabeth Judith,https://github.com/stazh/sw-ehedaten/data/archiving#FirstNameWoman_00483
Rose Susanne,https://github.com/stazh/sw-ehedaten/data/archiving#FirstNameWoman_00484
M...,https://github.com/stazh/sw-ehedaten/data/archiving#FirstNameWoman_00485
Johanna Veronika,https://github.com/stazh/sw-ehedaten/data/archiving#FirstNameWoman_00486
Alexandra,https://github.com/stazh/sw-ehedaten/data/archiving#FirstNameWoman_00487
Johannata,https://github.com/stazh/sw-ehedaten/data/archiving#FirstNameWoman_00488
Maria Anna Magdalena,https://github.com/stazh/sw-ehedaten/data/archiving#FirstNameWoman_00489
Tabita,https://github.com/stazh/sw-ehedaten/data/archiving#FirstNameWoman_00490
Barbar,https://github.com/stazh/sw-ehedaten/data/archiving#FirstNameWoman_00491
Perpetua,https://github.com/stazh/sw-ehedaten/data/archiving#FirstNameWoman_00492
Jael,https://github.com/stazh/sw-ehedaten/data/archiving#FirstNameWoman_00493
Bradamante,https://github.com/stazh/sw-ehedaten/data/archiving#FirstNameWoman_00494
Hyppolita,https://github.com/stazh/sw-ehedaten/data/archiving#FirstNameWoman_00495
Gisberta,https://github.com/stazh/sw-ehedaten/data/archiving#FirstNameWoman_00496
Judith Ursula,https://github.com/stazh/sw-ehedaten/data/archiving#FirstNameWoman_00497
Barbara Sabina,https://github.com/stazh/sw-ehedaten/data/archiving#FirstNameWoman_00498
Charlotte Dorothea,https://github.com/stazh/sw-ehedaten/data/archiving#FirstNameWoman_00499
Johanna Daniela,https://github.com/stazh/sw-ehedaten/data/archiving#FirstNameWoman_00500
Susette Marie,https://github.com/stazh/sw-ehedaten/data/archiving#FirstNameWoman_00501
Margaretha Magdalena,https://github.com/stazh/sw-ehedaten/data/archiving#FirstNameWoman_00502
Allida,https://github.com/stazh/sw-ehedaten/data/archiving#FirstNameWoman_00503
Augusta Magdalena,https://github.com/stazh/sw-ehedaten/data/archiving#FirstNameWoman_00504
Machtel,https://github.com/stazh/sw-ehedaten/data/archiving#FirstNameWoman_00505
Pernette,https://github.com/stazh/sw-ehedaten/data/archiving#FirstNameWoman_00506
Rosina Margaretha,https://github.com/stazh/sw-ehedaten/data/archiving#FirstNameWoman_00507
Isaline,https://github.com/stazh/sw-ehedaten/data/archiving#FirstNameWoman_00508
Albertine Charlotte,https://github.com/stazh/sw-ehedaten/data/archiving#FirstNameWoman_00509
Marie Madeleine,https://github.com/stazh/sw-ehedaten/data/archiving#FirstNameWoman_00510
Eva Salome,https://github.com/stazh/sw-ehedaten/data/archiving#FirstNameWoman_00511
Camilla,https://github.com/stazh/sw-ehedaten/data/archiving#FirstNameWoman_00512
Sigonia,https://github.com/stazh/sw-ehedaten/data/archiving#FirstNameWoman_00513
Friederike,https://github.com/stazh/sw-ehedaten/data/archiving#FirstNameWoman_00514
Elisabeth Christina,https://github.com/stazh/sw-ehedaten/data/archiving#FirstNameWoman_00515
Regina Sabina,https://github.com/stazh/sw-ehedaten/data/archiving#FirstNameWoman_00516
Esther Louise,https://github.com/stazh/sw-ehedaten/data/archiving#FirstNameWoman_00517
Maria Henriette,https://github.com/stazh/sw-ehedaten/data/archiving#FirstNameWoman_00518
Juliana Klara,https://github.com/stazh/sw-ehedaten/data/archiving#FirstNameWoman_00519
Sophia Dorothea,https://github.com/stazh/sw-ehedaten/data/archiving#FirstNameWoman_00520
Richarda,https://github.com/stazh/sw-ehedaten/data/archiving#FirstNameWoman_00521
Brigitte,https://github.com/stazh/sw-ehedaten/data/archiving#FirstNameWoman_00522
Jonina,https://github.com/stazh/sw-ehedaten/data/archiving#FirstNameWoman_00523
Stüdli,https://github.com/stazh/sw-ehedaten/data/archiving#FirstNameWoman_00524
Ana,https://github.com/stazh/sw-ehedaten/data/archiving#FirstNameWoman_00525
Euphemia,https://github.com/stazh/sw-ehedaten/data/archiving#FirstNameWoman_00526
Küngolz,https://github.com/stazh/sw-ehedaten/data/archiving#FirstNameWoman_00527
Magdaldena,https://github.com/stazh/sw-ehedaten/data/archiving#FirstNameWoman_00528
Helena Barbara,https://github.com/stazh/sw-ehedaten/data/archiving#FirstNameWoman_00529
Rose Judith,https://github.com/stazh/sw-ehedaten/data/archiving#FirstNameWoman_00530
anna,https://github.com/stazh/sw-ehedaten/data/archiving#FirstNameWoman_00531
Susanne Catherine,https://github.com/stazh/sw-ehedaten/data/archiving#FirstNameWoman_00532
Arianthia,https://github.com/stazh/sw-ehedaten/data/archiving#FirstNameWoman_00533
Anna Louise,https://github.com/stazh/sw-ehedaten/data/archiving#FirstNameWoman_00534
Rosita,https://github.com/stazh/sw-ehedaten/data/archiving#FirstNameWoman_00535
Kleinveronika,https://github.com/stazh/sw-ehedaten/data/archiving#FirstNameWoman_00536
Anna Maria Genoveva,https://github.com/stazh/sw-ehedaten/data/archiving#FirstNameWoman_00537
Agnes Sibylla,https://github.com/stazh/sw-ehedaten/data/archiving#FirstNameWoman_00538
Henriette Friederike,https://github.com/stazh/sw-ehedaten/data/archiving#FirstNameWoman_00539
Henrike Friederike,https://github.com/stazh/sw-ehedaten/data/archiving#FirstNameWoman_00540
Elena Regina,https://github.com/stazh/sw-ehedaten/data/archiving#FirstNameWoman_00541
Wilhelmine,https://github.com/stazh/sw-ehedaten/data/archiving#FirstNameWoman_00542
Cordula Magdalena,https://github.com/stazh/sw-ehedaten/data/archiving#FirstNameWoman_00543
Maria Regula,https://github.com/stazh/sw-ehedaten/data/archiving#FirstNameWoman_00544
Maria Magdalena Ulrike,https://github.com/stazh/sw-ehedaten/data/archiving#FirstNameWoman_00545
Johanna Christina,https://github.com/stazh/sw-ehedaten/data/archiving#FirstNameWoman_00546
Ursula Rosina,https://github.com/stazh/sw-ehedaten/data/archiving#FirstNameWoman_00547
Anna Katharina Sophia,https://github.com/stazh/sw-ehedaten/data/archiving#FirstNameWoman_00548
Regula Kleophea,https://github.com/stazh/sw-ehedaten/data/archiving#FirstNameWoman_00549
Dorothea Barbara Christiana,https://github.com/stazh/sw-ehedaten/data/archiving#FirstNameWoman_00550
Maria Gertrud,https://github.com/stazh/sw-ehedaten/data/archiving#FirstNameWoman_00551
Regina Friederike,https://github.com/stazh/sw-ehedaten/data/archiving#FirstNameWoman_00552
Julie,https://github.com/stazh/sw-ehedaten/data/archiving#FirstNameWoman_00553
Johanna Maria Henriette,https://github.com/stazh/sw-ehedaten/data/archiving#FirstNameWoman_00554
Pauline Magdalena,https://github.com/stazh/sw-ehedaten/data/archiving#FirstNameWoman_00555
Sareina,https://github.com/stazh/sw-ehedaten/data/archiving#FirstNameWoman_00556
Pauline Louise,https://github.com/stazh/sw-ehedaten/data/archiving#FirstNameWoman_00557
Margaretha Susanna,https://github.com/stazh/sw-ehedaten/data/archiving#FirstNameWoman_00558
Kleinelisabeth H.,https://github.com/stazh/sw-ehedaten/data/archiving#FirstNameWoman_00559
Wybrat,https://github.com/stazh/sw-ehedaten/data/archiving#FirstNameWoman_00560
Wieland,https://github.com/stazh/sw-ehedaten/data/archiving#FirstNameWoman_00561
Jakobella,https://github.com/stazh/sw-ehedaten/data/archiving#FirstNameWoman_00562
Jeneve,https://github.com/stazh/sw-ehedaten/data/archiving#FirstNameWoman_00563
Waldpert,https://github.com/stazh/sw-ehedaten/data/archiving#FirstNameWoman_00564
Katharina Salome,https://github.com/stazh/sw-ehedaten/data/archiving#FirstNameWoman_00565
Thabea,https://github.com/stazh/sw-ehedaten/data/archiving#FirstNameWoman_00566
Maria Katharina Sophia,https://github.com/stazh/sw-ehedaten/data/archiving#FirstNameWoman_00567
Maria Ottilia,https://github.com/stazh/sw-ehedaten/data/archiving#FirstNameWoman_00568
Anna Veronika,https://github.com/stazh/sw-ehedaten/data/archiving#FirstNameWoman_00569
Elisabeth Ursina,https://github.com/stazh/sw-ehedaten/data/archiving#FirstNameWoman_00570
Maria Felicitas,https://github.com/stazh/sw-ehedaten/data/archiving#FirstNameWoman_00571
Susanna Charlotta,https://github.com/stazh/sw-ehedaten/data/archiving#FirstNameWoman_00572
Jeanne Etienne,https://github.com/stazh/sw-ehedaten/data/archiving#FirstNameWoman_00573
Ida Carelia,https://github.com/stazh/sw-ehedaten/data/archiving#FirstNameWoman_00574
Marie Louise,https://github.com/stazh/sw-ehedaten/data/archiving#FirstNameWoman_00575
Johanna Susanna,https://github.com/stazh/sw-ehedaten/data/archiving#FirstNameWoman_00576
Susanna Dorothea,https://github.com/stazh/sw-ehedaten/data/archiving#FirstNameWoman_00577
Wilhelmina Dorothea Barbara,https://github.com/stazh/sw-ehedaten/data/archiving#FirstNameWoman_00578
Augusta Charlotte,https://github.com/stazh/sw-ehedaten/data/archiving#FirstNameWoman_00579
Henrika Elisabeth,https://github.com/stazh/sw-ehedaten/data/archiving#FirstNameWoman_00580
Charlotte Katharina,https://github.com/stazh/sw-ehedaten/data/archiving#FirstNameWoman_00581
Louise Amalie Franziska,https://github.com/stazh/sw-ehedaten/data/archiving#FirstNameWoman_00582
Maria Henrika,https://github.com/stazh/sw-ehedaten/data/archiving#FirstNameWoman_00583
Katharina Dorothea,https://github.com/stazh/sw-ehedaten/data/archiving#FirstNameWoman_00584
Dorothea Charlotte,https://github.com/stazh/sw-ehedaten/data/archiving#FirstNameWoman_00585
Amalia Barbara,https://github.com/stazh/sw-ehedaten/data/archiving#FirstNameWoman_00586
Kleingret,https://github.com/stazh/sw-ehedaten/data/archiving#FirstNameWoman_00587
Stässli,https://github.com/stazh/sw-ehedaten/data/archiving#FirstNameWoman_00588
Clementia,https://github.com/stazh/sw-ehedaten/data/archiving#FirstNameWoman_00589
Aprilla,https://github.com/stazh/sw-ehedaten/data/archiving#FirstNameWoman_00590
Britta,https://github.com/stazh/sw-ehedaten/data/archiving#FirstNameWoman_00591
Virginia,https://github.com/stazh/sw-ehedaten/data/archiving#FirstNameWoman_00592
Anna Maria Salome,https://github.com/stazh/sw-ehedaten/data/archiving#FirstNameWoman_00593
Mariana Katharina,https://github.com/stazh/sw-ehedaten/data/archiving#FirstNameWoman_00594
Ernestine,https://github.com/stazh/sw-ehedaten/data/archiving#FirstNameWoman_00595
Columbina,https://github.com/stazh/sw-ehedaten/data/archiving#FirstNameWoman_00596
Margaretha Katharina,https://github.com/stazh/sw-ehedaten/data/archiving#FirstNameWoman_00597
Dorothea Katharina,https://github.com/stazh/sw-ehedaten/data/archiving#FirstNameWoman_00598
Maria Katharina Barbara,https://github.com/stazh/sw-ehedaten/data/archiving#FirstNameWoman_00599
Anna Martha,https://github.com/stazh/sw-ehedaten/data/archiving#FirstNameWoman_00600
Susanna Salomea,https://github.com/stazh/sw-ehedaten/data/archiving#FirstNameWoman_00601
Antoinette Elisabeth,https://github.com/stazh/sw-ehedaten/data/archiving#FirstNameWoman_00602
Elisabeth Katharina,https://github.com/stazh/sw-ehedaten/data/archiving#FirstNameWoman_00603
Emilie,https://github.com/stazh/sw-ehedaten/data/archiving#FirstNameWoman_00604
Louise Henriette,https://github.com/stazh/sw-ehedaten/data/archiving#FirstNameWoman_00605
Eustasia,https://github.com/stazh/sw-ehedaten/data/archiving#FirstNameWoman_00606
Heinriet,https://github.com/stazh/sw-ehedaten/data/archiving#FirstNameWoman_00607
Prudentia,https://github.com/stazh/sw-ehedaten/data/archiving#FirstNameWoman_00608
Vienna,https://github.com/stazh/sw-ehedaten/data/archiving#FirstNameWoman_00609
Fortunat,https://github.com/stazh/sw-ehedaten/data/archiving#FirstNameWoman_00610
Valeria,https://github.com/stazh/sw-ehedaten/data/archiving#FirstNameWoman_00611
Sabina Elisabeth,https://github.com/stazh/sw-ehedaten/data/archiving#FirstNameWoman_00612
Charlotta Sophia,https://github.com/stazh/sw-ehedaten/data/archiving#FirstNameWoman_00613
Louise Mariane Bernhardine,https://github.com/stazh/sw-ehedaten/data/archiving#FirstNameWoman_00614
Judith Susanna,https://github.com/stazh/sw-ehedaten/data/archiving#FirstNameWoman_00615
Amalia Eleonora Franziska Sophia Christina Charlotte,https://github.com/stazh/sw-ehedaten/data/archiving#FirstNameWoman_00616
Lison,https://github.com/stazh/sw-ehedaten/data/archiving#FirstNameWoman_00617
Theodora Elisabeth,https://github.com/stazh/sw-ehedaten/data/archiving#FirstNameWoman_00618
Margaretha Salome,https://github.com/stazh/sw-ehedaten/data/archiving#FirstNameWoman_00619
Marianna Rosina,https://github.com/stazh/sw-ehedaten/data/archiving#FirstNameWoman_00620
Maria Cäcilia,https://github.com/stazh/sw-ehedaten/data/archiving#FirstNameWoman_00621
Elisabeth Veronika,https://github.com/stazh/sw-ehedaten/data/archiving#FirstNameWoman_00622
Maria Franziska,https://github.com/stazh/sw-ehedaten/data/archiving#FirstNameWoman_00623
Richlina,https://github.com/stazh/sw-ehedaten/data/archiving#FirstNameWoman_00624
Candia,https://github.com/stazh/sw-ehedaten/data/archiving#FirstNameWoman_00625
Justina Rosina,https://github.com/stazh/sw-ehedaten/data/archiving#FirstNameWoman_00626
Anna Apollonia,https://github.com/stazh/sw-ehedaten/data/archiving#FirstNameWoman_00627
Anna Marianne Louise,https://github.com/stazh/sw-ehedaten/data/archiving#FirstNameWoman_00628
Henrina,https://github.com/stazh/sw-ehedaten/data/archiving#FirstNameWoman_00629
Jeanne Esther,https://github.com/stazh/sw-ehedaten/data/archiving#FirstNameWoman_00630
Hedwig Maria Regina,https://github.com/stazh/sw-ehedaten/data/archiving#FirstNameWoman_00631
Rosalia Elisabeth,https://github.com/stazh/sw-ehedaten/data/archiving#FirstNameWoman_00632
Lukretia,https://github.com/stazh/sw-ehedaten/data/archiving#FirstNameWoman_00633
Eva Katharina,https://github.com/stazh/sw-ehedaten/data/archiving#FirstNameWoman_00634
Anna Johanna,https://github.com/stazh/sw-ehedaten/data/archiving#FirstNameWoman_00635
Gabriele Aimée,https://github.com/stazh/sw-ehedaten/data/archiving#FirstNameWoman_00636
Christina Charlotte,https://github.com/stazh/sw-ehedaten/data/archiving#FirstNameWoman_00637
Jeanne Louise,https://github.com/stazh/sw-ehedaten/data/archiving#FirstNameWoman_00638
Agnes Susanna,https://github.com/stazh/sw-ehedaten/data/archiving#FirstNameWoman_00639
Idda,https://github.com/stazh/sw-ehedaten/data/archiving#FirstNameWoman_00640
Ursula Margaretha,https://github.com/stazh/sw-ehedaten/data/archiving#FirstNameWoman_00641
